P1,P2,P3,P4,P5,P6,P7,P8,P9,P10,P11,P12,P13,P14,P15,P16,P17,P18,P19,P20,P21,P22,P23,P24,P25,P26,P27,P28,P29,P30,P31,P32,P33,P34,P35,P36,P37,revenue,Days Open,City Group_Big Cities,City Group_Other,Type_DT,Type_FC,Type_IL
4.0,5.0,4.0,4.0,2.0,2.0,5.0,4.0,5.0,5.0,3.0,5.0,5.0,1.0,2.0,2.0,2.0,4.0,5.0,4.0,1.0,3.0,3.0,1.0,1.0,1.0,4.0,2.0,3.0,5.0,3.0,4.0,5.0,5.0,4.0,3.0,4.0,15.547830307268965,5.728,True,False,False,False,True
4.0,5.0,4.0,4.0,1.0,2.0,5.0,5.0,5.0,5.0,1.0,5.0,5.0,6.0,9.0,6.0,2.0,3.0,3.0,2.0,1.0,3.0,2.0,4.0,8.0,5.0,3.0,3.0,3.0,5.0,8.0,9.0,2.0,5.0,4.0,6.0,3.0,15.750378826356913,2.594,True,False,False,True,False
2.0,4.0,2.0,5.0,2.0,3.0,5.0,5.0,5.0,5.0,2.0,5.0,5.0,5.0,3.0,2.0,3.0,3.0,1.0,1.0,1.0,1.0,1.0,3.0,4.0,5.0,7.0,1.0,3.0,8.0,7.0,10.0,2.0,2.0,4.0,4.0,6.0,14.535971303659679,0.744,False,True,False,False,True
6.0,4.0,6.0,6.0,4.0,4.0,10.0,8.0,10.0,10.0,8.0,10.0,8.0,6.0,4.0,9.0,3.0,12.0,20.0,12.0,6.0,1.0,10.0,2.0,2.0,2.0,2.0,2.0,8.0,25.0,12.0,10.0,6.0,18.0,12.0,12.0,6.0,14.799651321866403,1.145,False,True,False,False,True
3.0,4.0,3.0,4.0,2.0,2.0,5.0,5.0,5.0,5.0,2.0,5.0,5.0,2.0,1.0,2.0,1.0,4.0,2.0,2.0,1.0,2.0,1.0,2.0,3.0,3.0,5.0,1.0,3.0,5.0,1.0,3.0,2.0,3.0,4.0,3.0,3.0,15.278005485947833,2.144,False,True,False,False,True
6.0,6.0,4.0,8.0,8.0,10.0,10.0,8.0,8.0,8.0,10.0,8.0,6.0,12.0,8.0,15.0,8.0,14.0,5.0,6.0,3.0,1.0,5.0,12.0,11.0,14.0,5.0,8.0,5.0,15.0,9.0,25.0,3.0,18.0,11.0,17.0,6.0,15.428406484569665,1.865,True,False,False,True,False
2.0,3.0,4.0,4.0,1.0,5.0,5.0,5.0,5.0,5.0,2.0,5.0,5.0,3.0,4.0,4.0,3.0,4.0,2.0,4.0,1.0,2.0,1.0,5.0,4.0,4.0,5.0,1.0,3.0,4.0,5.0,2.0,2.0,3.0,5.0,4.0,4.0,15.457732357719879,1.624,True,False,False,False,True
4.0,5.0,4.0,5.0,2.0,3.0,5.0,4.0,4.0,4.0,4.0,3.0,4.0,8.0,3.0,5.0,7.0,7.0,3.0,5.0,2.0,4.0,2.0,2.0,4.0,5.0,1.0,3.0,2.0,12.0,10.0,11.0,5.0,9.0,7.0,8.0,4.0,15.317721324781436,1.371,True,False,False,False,True
1.0,1.0,4.0,4.0,1.0,2.0,1.0,5.0,5.0,5.0,1.0,5.0,5.0,1.0,1.0,2.0,1.0,4.0,1.0,1.0,1.0,1.0,1.0,4.0,4.0,4.0,2.0,2.0,3.0,4.0,5.0,5.0,3.0,4.0,5.0,4.0,5.0,15.415402653718315,1.668,False,True,False,False,True
6.0,4.0,6.0,8.0,6.0,4.0,10.0,10.0,10.0,10.0,2.0,10.0,8.0,10.0,4.0,9.0,7.0,13.0,25.0,3.0,3.0,1.0,10.0,4.0,8.0,4.0,4.0,5.0,2.0,16.0,3.0,14.0,5.0,15.0,9.0,12.0,10.0,15.510066522846385,1.223,False,True,False,False,True
9.0,6.0,6.0,6.0,4.0,4.0,10.0,8.0,10.0,10.0,8.0,10.0,8.0,8.0,8.0,16.0,11.0,14.0,25.0,15.0,15.0,3.0,20.0,8.0,10.0,9.0,2.0,10.0,2.0,24.0,15.0,24.0,6.0,19.0,14.0,18.0,4.0,15.135968489360863,0.591,False,True,False,True,False
2.0,4.0,4.0,4.0,2.0,5.0,5.0,5.0,5.0,5.0,2.0,5.0,5.0,2.0,2.0,5.0,2.0,4.0,2.0,5.0,1.0,1.0,3.0,5.0,2.0,3.0,5.0,3.0,3.0,5.0,5.0,4.0,2.0,3.0,4.0,4.0,2.0,15.456712799840789,1.035,True,False,False,False,True
2.0,2.0,4.0,4.0,2.0,1.0,5.0,4.0,5.0,5.0,3.0,5.0,5.0,6.0,1.0,4.0,3.0,4.0,3.0,4.0,1.0,2.0,2.0,2.0,1.0,2.0,3.0,1.0,3.0,10.0,5.0,9.0,4.0,7.0,7.0,4.0,4.0,14.36630757459148,0.753,True,False,False,False,True
4.0,5.0,4.0,4.0,1.0,3.0,5.0,5.0,5.0,5.0,2.0,5.0,5.0,4.0,3.0,2.0,5.0,5.0,3.0,4.0,1.0,2.0,1.0,4.0,4.0,5.0,1.0,3.0,3.0,4.0,9.0,7.0,4.0,1.0,5.0,3.0,3.0,15.385739133180387,1.619,True,False,False,True,False
2.0,2.0,4.0,4.0,1.0,2.0,5.0,5.0,5.0,5.0,2.0,5.0,5.0,8.0,1.0,2.0,5.0,6.0,3.0,3.0,1.0,3.0,2.0,5.0,5.0,5.0,6.0,2.0,3.0,9.0,8.0,11.0,4.0,4.0,5.0,5.0,6.0,14.508206636793131,1.18,False,True,False,True,False
12.0,8.0,6.0,6.0,2.0,10.0,10.0,10.0,10.0,10.0,4.0,10.0,8.0,3.0,10.0,15.0,3.0,12.0,10.0,9.0,3.0,2.0,5.0,8.0,8.0,10.0,2.0,8.0,8.0,5.0,15.0,20.0,2.0,12.0,3.0,16.0,4.0,14.98455614687022,1.14,True,False,False,False,True
3.0,5.0,4.0,4.0,2.0,5.0,5.0,4.0,5.0,4.0,3.0,5.0,4.0,4.0,6.0,6.0,1.0,4.0,1.0,4.0,1.0,1.0,1.0,2.0,5.0,3.0,3.0,2.0,2.0,6.0,6.0,5.0,2.0,5.0,7.0,4.0,4.0,16.795973851694033,5.554,True,False,False,True,False
2.0,4.0,4.0,5.0,1.0,3.0,5.0,4.0,5.0,5.0,3.0,5.0,5.0,4.0,3.0,2.0,4.0,3.0,1.0,1.0,1.0,1.0,1.0,7.0,6.0,7.0,1.0,1.0,1.0,11.0,9.0,5.0,3.0,2.0,7.0,3.0,2.0,15.921292743728163,1.961,True,False,False,True,False
4.0,5.0,4.0,3.0,1.0,2.0,5.0,5.0,5.0,5.0,2.0,5.0,5.0,3.0,2.0,3.0,2.0,3.0,4.0,5.0,1.0,4.0,2.0,5.0,3.0,3.0,3.0,2.0,3.0,3.0,5.0,5.0,4.0,4.0,4.0,3.0,2.0,15.490272995054232,1.066,True,False,False,False,True
2.0,4.0,4.0,4.0,2.0,2.0,5.0,5.0,4.0,4.0,1.0,3.0,4.0,5.0,4.0,3.0,8.0,3.0,2.0,1.0,1.0,1.0,1.0,4.0,5.0,4.0,1.0,2.0,3.0,6.0,1.0,5.0,1.0,2.0,6.0,5.0,5.0,14.519565531656134,1.315,False,True,False,False,True
3.0,4.0,4.0,4.0,2.0,2.0,5.0,4.0,5.0,5.0,3.0,5.0,5.0,3.0,5.0,5.0,4.0,4.0,5.0,5.0,1.0,1.0,5.0,2.0,4.0,1.0,5.0,1.0,3.0,5.0,1.0,2.0,2.0,4.0,5.0,5.0,4.0,15.524927009165754,1.671,False,True,False,False,True
5.0,5.0,4.0,4.0,2.0,2.0,5.0,4.0,4.0,4.0,4.0,3.0,4.0,2.0,6.0,8.0,7.0,1.0,4.0,5.0,1.0,3.0,1.0,7.0,6.0,6.0,5.0,3.0,1.0,16.0,5.0,7.0,4.0,3.0,5.0,7.0,3.0,13.955160320134425,0.422,True,False,False,True,False
9.0,6.0,6.0,6.0,4.0,6.0,10.0,10.0,10.0,10.0,2.0,10.0,8.0,9.0,5.0,12.0,7.0,12.0,15.0,12.0,3.0,3.0,10.0,7.0,6.0,7.0,5.0,8.0,8.0,19.0,9.0,20.0,5.0,20.0,13.0,14.0,6.0,15.190765963393943,3.187,False,True,False,True,False
2.0,4.0,4.0,4.0,2.0,2.0,5.0,3.0,4.0,4.0,5.0,4.0,4.0,4.0,3.0,6.0,6.0,4.0,2.0,2.0,1.0,1.0,1.0,6.0,3.0,4.0,1.0,2.0,3.0,3.0,2.0,4.0,4.0,1.0,3.0,6.0,5.0,14.913812465135697,2.119,False,True,False,True,False
5.0,5.0,3.0,5.0,2.0,2.0,5.0,5.0,5.0,4.0,2.0,5.0,4.0,4.0,4.0,4.0,5.0,4.0,5.0,5.0,2.0,2.0,3.0,2.0,2.0,2.0,5.0,3.0,2.0,5.0,5.0,4.0,4.0,4.0,4.0,5.0,2.0,16.00202071816329,2.01,True,False,False,False,True
4.0,4.0,5.0,5.0,2.0,2.0,5.0,5.0,5.0,5.0,2.0,5.0,5.0,9.0,4.0,6.0,5.0,3.0,3.0,1.0,2.0,1.0,1.0,4.0,2.0,5.0,3.0,2.0,3.0,14.0,2.0,3.0,4.0,6.0,9.0,6.0,3.0,15.14486995086662,1.186,False,True,False,True,False
3.0,5.0,4.0,5.0,2.0,3.0,5.0,3.0,5.0,4.0,5.0,5.0,4.0,3.0,4.0,4.0,1.0,4.0,5.0,5.0,2.0,3.0,2.0,2.0,2.0,2.0,1.0,3.0,3.0,5.0,5.0,4.0,3.0,3.0,4.0,3.0,1.0,14.634155825378254,1.854,True,False,False,False,True
4.0,5.0,4.0,3.0,1.0,2.0,5.0,4.0,4.0,5.0,4.0,4.0,5.0,5.0,3.0,6.0,7.0,7.0,5.0,5.0,5.0,5.0,5.0,7.0,4.0,8.0,4.0,4.0,3.0,5.0,1.0,4.0,4.0,10.0,10.0,6.0,3.0,15.508421043200087,5.644,False,True,False,True,False
4.0,5.0,4.0,4.0,1.0,3.0,5.0,5.0,4.0,4.0,2.0,4.0,4.0,3.0,4.0,4.0,2.0,4.0,5.0,5.0,2.0,4.0,3.0,5.0,3.0,4.0,2.0,4.0,2.0,3.0,5.0,5.0,2.0,3.0,5.0,4.0,4.0,15.364337373490478,6.263,True,False,False,False,True
1.0,1.0,4.0,4.0,2.0,1.0,1.0,4.0,4.0,4.0,5.0,2.0,4.0,8.0,5.0,2.0,5.0,3.0,1.0,1.0,1.0,1.0,1.0,2.0,6.0,5.0,1.0,1.0,3.0,12.0,6.0,7.0,2.0,10.0,8.0,7.0,4.0,15.053273297737032,3.083,True,False,False,True,False
1.0,1.0,3.0,3.0,2.0,1.0,1.0,5.0,5.0,5.0,2.0,5.0,5.0,7.0,4.0,3.0,6.0,6.0,1.0,1.0,1.0,1.0,1.0,5.0,4.0,5.0,4.0,1.0,3.0,5.0,6.0,12.0,5.0,6.0,5.0,8.0,6.0,14.91685245120325,2.303,False,True,False,False,True
4.0,5.0,4.0,4.0,1.0,3.0,5.0,5.0,5.0,5.0,2.0,5.0,5.0,2.0,3.0,3.0,1.0,3.0,4.0,2.0,1.0,2.0,1.0,5.0,2.0,5.0,2.0,2.0,3.0,4.0,3.0,3.0,2.0,3.0,4.0,3.0,3.0,14.537558557351856,0.812,True,False,False,False,True
3.0,4.0,3.0,4.0,3.0,2.0,5.0,4.0,4.0,4.0,3.0,4.0,4.0,1.0,3.0,5.0,6.0,5.0,5.0,1.0,1.0,1.0,1.0,6.0,5.0,8.0,2.0,1.0,3.0,7.0,5.0,6.0,3.0,7.0,7.0,4.0,3.0,14.997828069869346,2.256,False,True,False,True,False
2.0,3.0,4.0,4.0,2.0,2.0,5.0,5.0,5.0,5.0,1.0,5.0,5.0,5.0,5.0,4.0,4.0,2.0,3.0,1.0,1.0,2.0,1.0,3.0,4.0,4.0,6.0,2.0,3.0,10.0,6.0,7.0,2.0,5.0,8.0,4.0,5.0,14.67890797926529,0.699,False,True,False,True,False
4.0,5.0,4.0,4.0,1.0,3.0,5.0,4.0,4.0,5.0,4.0,4.0,5.0,7.0,6.0,4.0,9.0,4.0,1.0,4.0,1.0,2.0,1.0,4.0,3.0,3.0,4.0,4.0,3.0,3.0,2.0,5.0,2.0,2.0,7.0,4.0,3.0,15.226713849739511,1.097,True,False,False,True,False
4.0,5.0,4.0,3.0,1.0,2.0,5.0,4.0,4.0,5.0,5.0,4.0,5.0,2.0,2.0,4.0,2.0,4.0,5.0,5.0,4.0,3.0,5.0,3.0,3.0,3.0,4.0,3.0,2.0,4.0,1.0,3.0,3.0,3.0,4.0,3.0,3.0,15.177482769114041,6.893,False,True,False,False,True
3.0,5.0,5.0,3.0,1.0,5.0,5.0,5.0,5.0,5.0,2.0,5.0,5.0,3.0,5.0,6.0,6.0,7.0,2.0,5.0,2.0,4.0,3.0,5.0,7.0,3.0,5.0,3.0,3.0,2.0,6.0,6.0,4.0,4.0,5.0,4.0,1.0,14.923501396888462,2.509,True,False,False,True,False
2.0,3.0,4.0,3.0,1.0,5.0,5.0,5.0,5.0,5.0,1.0,5.0,5.0,1.0,1.0,2.0,1.0,4.0,1.0,3.0,1.0,2.0,5.0,1.0,1.0,1.0,1.0,1.0,3.0,5.0,5.0,5.0,3.0,4.0,4.0,3.0,1.0,14.823719541735718,1.673,True,False,False,False,True
3.0,5.0,4.0,4.0,2.0,5.0,5.0,4.0,5.0,4.0,3.0,5.0,4.0,7.0,3.0,6.0,12.0,2.0,1.0,4.0,1.0,1.0,1.0,3.0,4.0,4.0,5.0,2.0,2.0,11.0,7.0,8.0,3.0,8.0,5.0,4.0,5.0,15.513270837664596,1.525,True,False,False,True,False
4.0,5.0,4.0,4.0,2.0,3.0,5.0,4.0,4.0,4.0,4.0,4.0,4.0,4.0,4.0,3.0,3.0,3.0,3.0,5.0,1.0,2.0,2.0,3.0,3.0,3.0,1.0,2.0,2.0,4.0,1.0,2.0,2.0,3.0,4.0,3.0,2.0,15.155251950525377,2.186,True,False,False,False,True
3.0,5.0,4.0,4.0,2.0,2.0,5.0,1.0,4.0,4.0,5.0,2.0,4.0,4.0,4.0,4.0,3.0,3.0,5.0,5.0,5.0,1.0,1.0,5.0,5.0,5.0,1.0,3.0,2.0,5.0,5.0,3.0,3.0,3.0,4.0,3.0,2.0,15.737784122349685,1.503,True,False,False,False,True
4.0,5.0,5.0,4.0,1.0,5.0,5.0,3.0,4.0,5.0,5.0,3.0,5.0,3.0,4.0,5.0,5.0,4.0,5.0,5.0,5.0,5.0,5.0,5.0,3.0,5.0,1.0,5.0,1.0,5.0,5.0,4.0,3.0,3.0,4.0,4.0,1.0,15.331568785988138,2.121,True,False,False,False,True
12.0,8.0,6.0,6.0,4.0,4.0,10.0,8.0,10.0,10.0,6.0,10.0,8.0,13.0,5.0,12.0,9.0,11.0,25.0,15.0,6.0,4.0,20.0,4.0,4.0,4.0,4.0,8.0,5.0,26.0,7.0,14.0,6.0,20.0,14.0,13.0,6.0,15.415353788294691,1.273,True,False,False,False,True
2.0,4.0,5.0,4.0,1.0,2.0,5.0,5.0,5.0,5.0,2.0,5.0,5.0,2.0,3.0,4.0,3.0,5.0,1.0,1.0,1.0,2.0,1.0,3.0,4.0,8.0,4.0,1.0,3.0,22.0,1.0,4.0,3.0,10.0,7.0,5.0,4.0,14.820780928529512,2.006,True,False,False,True,False
2.0,3.0,5.0,3.0,1.0,5.0,5.0,5.0,5.0,5.0,1.0,5.0,5.0,1.0,1.0,3.0,1.0,4.0,1.0,3.0,1.0,2.0,1.0,1.0,1.0,1.0,1.0,2.0,3.0,3.0,5.0,5.0,2.0,3.0,4.0,3.0,4.0,15.265759754285238,3.813,True,False,False,False,True
6.0,6.0,6.0,4.0,2.0,8.0,10.0,10.0,10.0,8.0,4.0,10.0,6.0,10.0,5.0,8.0,3.0,7.0,5.0,15.0,3.0,2.0,5.0,4.0,2.0,8.0,10.0,5.0,8.0,30.0,12.0,16.0,4.0,21.0,6.0,16.0,7.0,15.138035701956367,1.145,False,True,False,True,False
3.0,5.0,5.0,3.0,1.0,2.0,5.0,5.0,5.0,5.0,2.0,5.0,5.0,2.0,2.0,4.0,2.0,4.0,2.0,5.0,2.0,4.0,2.0,1.0,1.0,1.0,4.0,3.0,3.0,5.0,5.0,4.0,2.0,2.0,4.0,3.0,3.0,15.262608113190913,1.306,True,False,False,False,True
4.0,5.0,5.0,3.0,1.0,2.0,5.0,4.0,5.0,5.0,3.0,5.0,5.0,4.0,4.0,3.0,5.0,4.0,3.0,5.0,3.0,5.0,5.0,4.0,4.0,4.0,4.0,5.0,3.0,4.0,1.0,2.0,2.0,3.0,5.0,5.0,1.0,15.877987638441512,1.916,True,False,False,False,True
4.0,5.0,4.0,4.0,2.0,2.0,5.0,4.0,4.0,5.0,4.0,4.0,5.0,6.0,5.0,5.0,3.0,5.0,5.0,5.0,3.0,3.0,5.0,2.0,3.0,2.0,5.0,4.0,3.0,3.0,7.0,5.0,1.0,5.0,2.0,4.0,4.0,15.789839469926692,1.188,False,True,False,True,False
12.0,8.0,6.0,6.0,2.0,8.0,10.0,10.0,10.0,10.0,4.0,10.0,8.0,13.0,3.0,7.0,4.0,15.0,15.0,3.0,3.0,3.0,5.0,6.0,6.0,11.0,4.0,8.0,8.0,16.0,15.0,16.0,4.0,15.0,5.0,12.0,8.0,15.970834202454078,2.547,True,False,False,True,False
3.0,5.0,4.0,5.0,3.0,4.0,5.0,4.0,4.0,4.0,5.0,4.0,4.0,1.0,1.0,2.0,1.0,1.0,5.0,5.0,1.0,3.0,2.0,2.0,2.0,2.0,1.0,3.0,3.0,5.0,2.0,3.0,2.0,2.0,2.0,3.0,3.0,14.583811128324156,1.787,True,False,False,False,True
2.0,2.0,4.0,4.0,2.0,2.0,4.0,4.0,5.0,5.0,4.0,5.0,5.0,5.0,2.0,4.0,5.0,7.0,5.0,4.0,2.0,1.0,2.0,4.0,2.0,2.0,3.0,1.0,3.0,11.0,3.0,8.0,3.0,8.0,6.0,5.0,3.0,15.001230385664963,1.231,False,True,False,False,True
2.0,3.0,4.0,4.0,2.0,1.0,1.0,4.0,4.0,5.0,3.0,4.0,5.0,7.0,6.0,4.0,5.0,7.0,1.0,1.0,1.0,1.0,1.0,5.0,5.0,4.0,4.0,1.0,3.0,3.0,6.0,7.0,3.0,4.0,2.0,5.0,3.0,14.382659046596372,0.496,False,True,False,True,False
3.0,4.0,4.0,3.0,1.0,2.0,5.0,5.0,5.0,5.0,2.0,5.0,5.0,1.0,1.0,4.0,3.0,2.0,2.0,4.0,2.0,1.0,1.0,2.0,3.0,3.0,7.0,3.0,3.0,8.0,4.0,5.0,3.0,5.0,6.0,5.0,1.0,15.537431798491633,0.724,False,True,False,True,False
2.0,4.0,5.0,4.0,1.0,1.0,3.0,4.0,4.0,4.0,4.0,2.0,3.0,6.0,1.0,4.0,5.0,6.0,1.0,2.0,2.0,1.0,1.0,2.0,3.0,5.0,7.0,2.0,3.0,5.0,5.0,6.0,2.0,5.0,5.0,4.0,6.0,15.352779202358168,5.77,False,True,False,False,True
2.0,4.0,4.0,4.0,1.0,4.0,5.0,5.0,5.0,5.0,1.0,5.0,5.0,8.0,5.0,7.0,4.0,3.0,1.0,1.0,1.0,1.0,1.0,10.0,7.0,12.0,6.0,3.0,3.0,11.0,3.0,8.0,3.0,8.0,5.0,6.0,2.0,15.752981482441456,2.414,True,False,False,True,False
4.0,5.0,4.0,4.0,2.0,2.0,5.0,4.0,4.0,4.0,5.0,3.0,4.0,7.0,3.0,5.0,2.0,6.0,4.0,5.0,2.0,2.0,2.0,4.0,4.0,3.0,3.0,3.0,3.0,7.0,5.0,8.0,2.0,2.0,1.0,3.0,5.0,14.687027748229546,0.737,True,False,False,False,True
2.0,3.0,4.0,3.0,1.0,4.0,5.0,5.0,5.0,5.0,2.0,5.0,5.0,1.0,3.0,4.0,1.0,6.0,1.0,2.0,1.0,1.0,1.0,5.0,6.0,4.0,6.0,3.0,2.0,2.0,4.0,3.0,2.0,1.0,3.0,2.0,5.0,14.99688124808465,2.466,False,True,False,True,False
3.0,4.0,4.0,5.0,2.0,2.0,5.0,5.0,5.0,5.0,2.0,5.0,5.0,3.0,5.0,5.0,1.0,5.0,1.0,3.0,1.0,3.0,1.0,6.0,4.0,8.0,2.0,2.0,3.0,7.0,2.0,3.0,3.0,8.0,5.0,8.0,3.0,14.915598424098953,1.076,True,False,False,True,False
4.0,5.0,4.0,4.0,1.0,3.0,5.0,5.0,5.0,5.0,2.0,5.0,5.0,8.0,6.0,5.0,6.0,4.0,3.0,3.0,1.0,3.0,1.0,4.0,4.0,4.0,6.0,2.0,3.0,9.0,5.0,8.0,1.0,7.0,7.0,9.0,5.0,15.09657439497707,2.669,True,False,False,True,False
12.0,8.0,6.0,6.0,2.0,6.0,10.0,8.0,10.0,10.0,6.0,10.0,8.0,6.0,4.0,9.0,3.0,12.0,10.0,15.0,6.0,3.0,10.0,4.0,4.0,5.0,2.0,5.0,8.0,10.0,15.0,20.0,4.0,18.0,12.0,12.0,2.0,14.96765508271834,1.056,True,False,False,False,True
12.0,8.0,6.0,6.0,4.0,6.0,10.0,8.0,8.0,8.0,6.0,8.0,6.0,3.0,1.0,8.0,5.0,9.0,15.0,12.0,3.0,2.0,5.0,2.0,6.0,4.0,3.0,8.0,5.0,20.0,11.0,18.0,3.0,16.0,14.0,10.0,2.0,15.285818348382689,2.488,True,False,False,True,False
2.0,4.0,4.0,4.0,2.0,3.0,5.0,5.0,5.0,4.0,2.0,5.0,4.0,4.0,1.0,2.0,2.0,4.0,3.0,1.0,1.0,1.0,1.0,3.0,3.0,3.0,1.0,2.0,3.0,1.0,1.0,3.0,2.0,3.0,1.0,3.0,3.0,15.480612668453729,1.589,False,True,False,True,False
2.0,2.0,4.0,4.0,3.0,1.0,4.0,5.0,5.0,5.0,2.0,5.0,5.0,7.0,4.0,4.0,4.0,4.0,2.0,1.0,1.0,1.0,1.0,2.0,5.0,1.0,3.0,1.0,3.0,11.0,9.0,11.0,5.0,6.0,6.0,4.0,4.0,14.297741626453158,0.595,False,True,False,True,False
12.0,8.0,6.0,6.0,2.0,8.0,10.0,10.0,10.0,10.0,4.0,10.0,8.0,15.0,10.0,15.0,15.0,12.0,10.0,9.0,6.0,3.0,5.0,10.0,10.0,12.0,5.0,5.0,8.0,20.0,15.0,25.0,4.0,24.0,15.0,20.0,6.0,14.75209516899967,6.097,True,False,False,False,True
3.0,5.0,4.0,3.0,1.0,2.0,5.0,5.0,5.0,5.0,1.0,5.0,5.0,9.0,5.0,6.0,5.0,5.0,1.0,1.0,1.0,1.0,1.0,3.0,7.0,8.0,10.0,1.0,3.0,11.0,10.0,12.0,2.0,6.0,2.0,7.0,5.0,14.378588915708418,0.457,True,False,False,True,False
2.0,2.0,4.0,3.0,1.0,1.0,1.0,4.0,5.0,5.0,3.0,5.0,5.0,4.0,6.0,4.0,1.0,8.0,4.0,3.0,1.0,1.0,2.0,2.0,4.0,3.0,4.0,2.0,3.0,1.0,8.0,5.0,4.0,3.0,2.0,5.0,6.0,14.4479157348188,1.899,False,True,False,True,False
4.0,5.0,4.0,5.0,2.0,4.0,5.0,4.0,4.0,4.0,3.0,3.0,4.0,3.0,3.0,2.0,4.0,5.0,5.0,5.0,3.0,5.0,3.0,1.0,2.0,2.0,6.0,5.0,1.0,7.0,4.0,5.0,2.0,1.0,5.0,4.0,2.0,15.21490227305944,1.483,True,False,False,True,False
2.0,4.0,3.0,4.0,2.0,3.0,5.0,5.0,5.0,4.0,1.0,5.0,4.0,2.0,2.0,2.0,1.0,4.0,2.0,1.0,1.0,2.0,1.0,5.0,3.0,5.0,5.0,2.0,3.0,5.0,5.0,5.0,4.0,4.0,4.0,3.0,4.0,15.160128914167485,1.833,True,False,False,False,True
2.0,2.0,4.0,5.0,4.0,2.0,5.0,5.0,5.0,5.0,1.0,5.0,5.0,4.0,4.0,2.0,3.0,3.0,3.0,1.0,1.0,2.0,1.0,5.0,3.0,4.0,4.0,2.0,3.0,8.0,3.0,7.0,2.0,7.0,6.0,4.0,6.0,15.054575275204753,1.301,False,True,False,False,True
4.0,5.0,4.0,4.0,1.0,4.0,5.0,5.0,5.0,5.0,2.0,5.0,5.0,5.0,3.0,5.0,5.0,3.0,3.0,5.0,1.0,4.0,2.0,9.0,7.0,8.0,11.0,3.0,3.0,14.0,8.0,10.0,5.0,10.0,6.0,7.0,6.0,15.19748761291523,3.038,True,False,False,True,False
12.0,8.0,6.0,6.0,2.0,10.0,10.0,10.0,10.0,10.0,4.0,10.0,8.0,9.0,8.0,12.0,3.0,12.0,10.0,9.0,6.0,3.0,5.0,8.0,8.0,10.0,10.0,10.0,8.0,5.0,6.0,10.0,6.0,18.0,12.0,12.0,6.0,15.23534268793223,3.029,True,False,False,False,True
3.0,5.0,4.0,4.0,2.0,2.0,5.0,3.0,4.0,5.0,5.0,4.0,5.0,3.0,2.0,3.0,1.0,4.0,4.0,5.0,5.0,3.0,5.0,5.0,2.0,5.0,3.0,5.0,1.0,4.0,3.0,3.0,2.0,3.0,4.0,3.0,1.0,14.74190052049656,2.056,True,False,False,False,True
4.0,5.0,4.0,5.0,2.0,2.0,5.0,3.0,4.0,5.0,5.0,4.0,5.0,5.0,4.0,5.0,4.0,5.0,5.0,5.0,5.0,5.0,5.0,4.0,4.0,5.0,2.0,5.0,3.0,2.0,1.0,5.0,2.0,3.0,3.0,5.0,2.0,15.023804413088934,1.266,True,False,False,True,False
12.0,8.0,6.0,6.0,2.0,8.0,10.0,8.0,8.0,8.0,8.0,8.0,6.0,12.0,10.0,12.0,9.0,9.0,20.0,15.0,6.0,4.0,25.0,10.0,8.0,10.0,2.0,12.0,2.0,20.0,9.0,15.0,4.0,12.0,12.0,12.0,4.0,15.52040754820775,1.208,True,False,False,False,True
5.0,5.0,4.0,5.0,1.0,4.0,5.0,3.0,4.0,4.0,5.0,3.0,4.0,5.0,8.0,9.0,8.0,5.0,5.0,5.0,5.0,5.0,4.0,7.0,6.0,6.0,4.0,5.0,2.0,4.0,4.0,5.0,4.0,7.0,10.0,6.0,2.0,16.62184016272314,3.446,True,False,False,True,False
2.0,2.0,4.0,4.0,2.0,2.0,5.0,5.0,5.0,5.0,2.0,5.0,5.0,4.0,3.0,2.0,3.0,4.0,3.0,4.0,1.0,2.0,1.0,3.0,5.0,4.0,5.0,2.0,3.0,7.0,7.0,10.0,5.0,5.0,3.0,6.0,5.0,15.339482952498114,2.309,True,False,False,True,False
3.0,5.0,3.0,5.0,3.0,4.0,5.0,4.0,4.0,4.0,5.0,4.0,4.0,7.0,1.0,3.0,4.0,4.0,5.0,5.0,1.0,3.0,1.0,5.0,3.0,3.0,4.0,3.0,2.0,6.0,4.0,7.0,4.0,3.0,4.0,2.0,3.0,14.459910148448499,0.514,True,False,False,True,False
9.0,8.0,6.0,8.0,8.0,6.0,10.0,10.0,8.0,8.0,4.0,6.0,6.0,3.0,2.0,9.0,3.0,12.0,25.0,12.0,6.0,2.0,10.0,4.0,4.0,5.0,2.0,8.0,2.0,20.0,9.0,20.0,4.0,18.0,12.0,12.0,2.0,15.169112549845753,0.905,True,False,False,False,True
4.0,5.0,4.0,3.0,1.0,3.0,5.0,5.0,5.0,5.0,1.0,5.0,5.0,2.0,2.0,4.0,2.0,4.0,3.0,3.0,1.0,4.0,4.0,3.0,3.0,3.0,2.0,2.0,3.0,4.0,5.0,5.0,3.0,3.0,4.0,4.0,3.0,15.658156722262913,1.883,False,True,False,False,True
4.0,5.0,4.0,5.0,1.0,3.0,5.0,5.0,5.0,5.0,2.0,5.0,5.0,8.0,4.0,7.0,9.0,5.0,3.0,5.0,2.0,5.0,3.0,5.0,8.0,4.0,2.0,5.0,1.0,8.0,2.0,8.0,2.0,3.0,2.0,7.0,6.0,15.131212107661344,1.984,True,False,False,True,False
2.0,4.0,4.0,4.0,1.0,3.0,5.0,4.0,5.0,5.0,3.0,5.0,5.0,5.0,5.0,7.0,5.0,7.0,2.0,4.0,2.0,2.0,1.0,2.0,4.0,4.0,4.0,2.0,3.0,1.0,2.0,7.0,2.0,5.0,4.0,6.0,5.0,15.218322499655205,3.384,True,False,False,True,False
2.0,2.0,4.0,3.0,2.0,1.0,5.0,4.0,5.0,5.0,5.0,5.0,5.0,2.0,4.0,4.0,1.0,4.0,5.0,4.0,2.0,2.0,2.0,2.0,2.0,4.0,5.0,2.0,3.0,9.0,5.0,8.0,4.0,5.0,1.0,4.0,6.0,15.152482575832561,1.854,False,True,False,True,False
2.0,4.0,4.0,4.0,2.0,5.0,5.0,4.0,5.0,4.0,3.0,5.0,4.0,4.0,4.0,5.0,5.0,5.0,2.0,4.0,1.0,2.0,1.0,5.0,5.0,5.0,1.0,2.0,3.0,5.0,5.0,5.0,3.0,4.0,4.0,5.0,3.0,15.601619761127877,6.067,True,False,False,False,True
4.0,4.0,5.0,3.0,1.0,3.0,5.0,5.0,5.0,5.0,2.0,5.0,5.0,3.0,2.0,4.0,1.0,4.0,1.0,3.0,2.0,2.0,3.0,3.0,2.0,3.0,5.0,2.0,3.0,4.0,3.0,3.0,2.0,4.0,4.0,3.0,1.0,15.262559885346569,1.991,True,False,False,False,True
3.0,5.0,4.0,4.0,2.0,5.0,5.0,4.0,5.0,4.0,3.0,5.0,4.0,4.0,5.0,5.0,3.0,5.0,1.0,4.0,1.0,1.0,1.0,5.0,5.0,7.0,7.0,2.0,3.0,11.0,4.0,2.0,4.0,9.0,5.0,8.0,2.0,15.829759097714035,5.554,True,False,False,True,False
3.0,3.0,4.0,4.0,2.0,2.0,5.0,4.0,5.0,5.0,3.0,5.0,5.0,1.0,3.0,5.0,4.0,4.0,3.0,5.0,1.0,3.0,2.0,6.0,3.0,3.0,8.0,2.0,3.0,2.0,3.0,1.0,3.0,10.0,6.0,4.0,4.0,15.024883952813118,1.336,False,True,False,True,False
5.0,5.0,4.0,4.0,1.0,3.0,5.0,5.0,4.0,4.0,2.0,4.0,4.0,2.0,4.0,6.0,3.0,6.0,5.0,5.0,3.0,4.0,2.0,7.0,4.0,7.0,5.0,5.0,2.0,7.0,11.0,7.0,3.0,4.0,3.0,6.0,3.0,15.59158041982115,2.597,True,False,False,True,False
1.0,2.0,5.0,4.0,1.0,2.0,1.0,4.0,5.0,5.0,3.0,5.0,5.0,2.0,2.0,1.0,1.0,5.0,1.0,1.0,1.0,1.0,1.0,5.0,4.0,2.0,8.0,1.0,2.0,9.0,7.0,1.0,3.0,3.0,7.0,2.0,3.0,14.52122740818956,0.621,False,True,False,True,False
1.0,1.0,4.0,3.0,1.0,2.0,1.0,5.0,5.0,5.0,1.0,5.0,5.0,1.0,1.0,1.0,1.0,1.0,2.0,1.0,1.0,1.0,1.0,1.0,1.0,1.0,5.0,1.0,3.0,5.0,4.0,4.0,3.0,3.0,4.0,2.0,3.0,14.67606825965636,2.142,True,False,False,False,True
12.0,8.0,6.0,6.0,2.0,8.0,10.0,10.0,8.0,8.0,4.0,8.0,6.0,8.0,4.0,12.0,5.0,10.0,15.0,9.0,3.0,3.0,5.0,8.0,6.0,11.0,8.0,5.0,8.0,20.0,11.0,13.0,3.0,17.0,8.0,13.0,5.0,15.046953577183888,0.592,True,False,False,True,False
3.0,5.0,4.0,4.0,1.0,2.0,5.0,5.0,5.0,5.0,1.0,5.0,5.0,8.0,6.0,7.0,9.0,5.0,3.0,2.0,1.0,2.0,2.0,6.0,4.0,5.0,9.0,1.0,3.0,7.0,7.0,11.0,3.0,6.0,5.0,8.0,4.0,14.54953477152983,2.833,False,True,False,False,True
12.0,8.0,8.0,6.0,2.0,10.0,10.0,8.0,8.0,10.0,8.0,8.0,8.0,4.0,9.0,11.0,1.0,12.0,25.0,15.0,6.0,3.0,25.0,7.0,5.0,8.0,6.0,10.0,8.0,21.0,10.0,18.0,5.0,18.0,11.0,13.0,3.0,15.729845413024448,4.525,True,False,False,True,False
3.0,4.0,4.0,4.0,1.0,2.0,5.0,4.0,4.0,5.0,4.0,4.0,5.0,5.0,5.0,3.0,2.0,4.0,3.0,5.0,1.0,3.0,1.0,2.0,2.0,2.0,1.0,2.0,2.0,3.0,1.0,4.0,3.0,4.0,5.0,5.0,3.0,15.042480587303393,0.89,False,True,False,False,True
2.0,3.0,4.0,4.0,2.0,2.0,5.0,5.0,5.0,5.0,1.0,5.0,5.0,3.0,2.0,4.0,1.0,3.0,3.0,2.0,1.0,2.0,1.0,5.0,1.0,2.0,5.0,1.0,3.0,4.0,4.0,3.0,4.0,4.0,4.0,3.0,5.0,15.138258172642109,1.323,False,True,False,True,False
2.0,4.0,4.0,4.0,2.0,2.0,5.0,5.0,5.0,5.0,2.0,5.0,5.0,5.0,6.0,4.0,4.0,6.0,1.0,1.0,1.0,1.0,1.0,8.0,4.0,6.0,7.0,1.0,3.0,4.0,7.0,13.0,2.0,11.0,11.0,6.0,5.0,14.054921081742355,1.018,False,True,False,True,False
4.0,5.0,2.0,4.0,2.0,2.0,5.0,4.0,4.0,4.0,3.0,4.0,4.0,6.0,6.0,4.0,4.0,1.0,3.0,2.0,1.0,2.0,3.0,6.0,4.0,4.0,4.0,2.0,2.0,5.0,2.0,3.0,1.0,1.0,3.0,4.0,5.0,15.673779105506169,1.212,False,True,False,True,False
3.0,5.0,4.0,4.0,1.0,4.0,5.0,4.0,5.0,4.0,4.0,5.0,4.0,6.0,4.0,4.0,4.0,4.0,4.0,5.0,2.0,4.0,5.0,6.0,4.0,5.0,3.0,5.0,1.0,13.0,5.0,8.0,4.0,4.0,4.0,5.0,4.0,15.716841364882255,2.247,True,False,False,True,False
3.0,4.0,4.0,4.0,1.0,2.0,5.0,2.0,4.0,5.0,5.0,4.0,5.0,4.0,2.0,1.0,2.0,3.0,3.0,5.0,1.0,3.0,1.0,1.0,3.0,4.0,4.0,2.0,3.0,9.0,5.0,3.0,1.0,2.0,3.0,3.0,4.0,14.667663754961787,1.473,False,True,False,True,False
4.0,5.0,4.0,4.0,2.0,4.0,5.0,4.0,4.0,4.0,5.0,3.0,4.0,5.0,5.0,5.0,5.0,5.0,5.0,5.0,5.0,3.0,1.0,5.0,5.0,5.0,1.0,5.0,1.0,5.0,5.0,4.0,2.0,5.0,5.0,5.0,3.0,16.42375699823255,5.574,True,False,False,False,True
3.0,5.0,4.0,4.0,2.0,5.0,5.0,5.0,5.0,5.0,2.0,5.0,5.0,4.0,6.0,4.0,4.0,6.0,4.0,5.0,2.0,2.0,1.0,6.0,3.0,4.0,9.0,4.0,3.0,7.0,2.0,4.0,4.0,3.0,7.0,6.0,2.0,16.08271207058595,2.74,True,False,False,True,False
3.0,4.0,5.0,4.0,2.0,2.0,5.0,4.0,5.0,5.0,4.0,5.0,5.0,5.0,4.0,5.0,5.0,4.0,5.0,5.0,4.0,2.0,5.0,1.0,1.0,1.0,3.0,2.0,3.0,5.0,5.0,5.0,5.0,4.0,5.0,5.0,4.0,15.375438217026932,0.925,False,True,False,False,True
4.0,5.0,2.0,5.0,2.0,2.0,5.0,4.0,4.0,4.0,3.0,4.0,4.0,10.0,9.0,7.0,8.0,3.0,4.0,4.0,1.0,2.0,3.0,6.0,5.0,4.0,3.0,1.0,3.0,7.0,2.0,6.0,3.0,5.0,5.0,8.0,5.0,14.822757641838216,3.845,False,True,False,True,False
2.0,4.0,4.0,4.0,1.0,2.0,5.0,5.0,5.0,5.0,2.0,5.0,5.0,6.0,2.0,2.0,4.0,5.0,2.0,3.0,1.0,2.0,1.0,2.0,4.0,3.0,3.0,2.0,2.0,5.0,9.0,6.0,3.0,6.0,5.0,4.0,1.0,15.303800203698414,1.203,False,True,False,True,False
4.0,5.0,4.0,3.0,1.0,3.0,5.0,5.0,5.0,5.0,2.0,5.0,5.0,1.0,2.0,2.0,1.0,3.0,2.0,5.0,1.0,3.0,4.0,1.0,1.0,4.0,3.0,2.0,3.0,5.0,5.0,3.0,3.0,5.0,4.0,3.0,2.0,15.31239078379547,2.982,False,True,False,False,True
1.0,2.0,5.0,3.0,1.0,2.0,1.0,5.0,5.0,5.0,1.0,5.0,5.0,6.0,6.0,6.0,6.0,7.0,1.0,1.0,1.0,1.0,1.0,9.0,5.0,5.0,3.0,1.0,2.0,15.0,9.0,8.0,3.0,3.0,11.0,7.0,5.0,14.842280204116772,2.564,False,True,False,True,False
3.0,3.0,6.0,6.0,4.0,2.0,2.0,8.0,10.0,10.0,6.0,10.0,8.0,8.0,2.0,6.0,7.0,14.0,5.0,3.0,3.0,1.0,5.0,5.0,3.0,8.0,11.0,2.0,8.0,20.0,10.0,20.0,5.0,19.0,14.0,15.0,8.0,15.402452318820426,2.472,False,True,False,True,False
4.0,4.0,4.0,4.0,1.0,2.0,5.0,4.0,5.0,5.0,3.0,5.0,5.0,3.0,5.0,5.0,3.0,4.0,5.0,5.0,3.0,3.0,5.0,2.0,2.0,2.0,3.0,3.0,1.0,5.0,5.0,5.0,3.0,4.0,4.0,4.0,3.0,14.993753469410601,1.422,False,True,False,False,True
1.0,2.0,5.0,4.0,1.0,2.0,1.0,5.0,4.0,4.0,2.0,4.0,3.0,4.0,3.0,5.0,3.0,4.0,1.0,1.0,1.0,1.0,1.0,4.0,3.0,4.0,6.0,2.0,3.0,8.0,5.0,6.0,2.0,5.0,8.0,6.0,3.0,15.088186231730633,0.987,False,True,False,True,False
2.0,4.0,3.0,5.0,4.0,5.0,5.0,4.0,4.0,4.0,5.0,4.0,4.0,4.0,7.0,6.0,5.0,5.0,1.0,2.0,1.0,1.0,1.0,5.0,7.0,6.0,6.0,3.0,2.0,7.0,6.0,3.0,2.0,4.0,2.0,5.0,4.0,15.255171263218486,2.767,True,False,False,True,False
6.0,3.0,6.0,6.0,4.0,4.0,10.0,8.0,10.0,10.0,6.0,10.0,8.0,9.0,8.0,12.0,3.0,12.0,10.0,12.0,6.0,1.0,10.0,2.0,2.0,2.0,2.0,5.0,8.0,15.0,3.0,15.0,6.0,18.0,12.0,16.0,6.0,14.898700193230836,0.908,False,True,False,False,True
2.0,3.0,4.0,4.0,2.0,1.0,5.0,5.0,5.0,5.0,1.0,5.0,5.0,4.0,3.0,7.0,7.0,5.0,1.0,1.0,1.0,1.0,1.0,4.0,4.0,4.0,7.0,2.0,3.0,10.0,8.0,8.0,4.0,7.0,8.0,6.0,4.0,14.911810174466455,0.955,False,True,False,True,False
4.0,5.0,5.0,4.0,1.0,5.0,5.0,5.0,4.0,4.0,2.0,4.0,4.0,3.0,4.0,2.0,1.0,4.0,2.0,3.0,2.0,2.0,1.0,3.0,3.0,4.0,5.0,3.0,3.0,3.0,2.0,1.0,2.0,2.0,1.0,3.0,3.0,15.146353253802271,6.218,True,False,False,False,True
3.0,4.0,4.0,4.0,1.0,2.0,5.0,5.0,5.0,5.0,2.0,5.0,5.0,3.0,4.0,2.0,6.0,3.0,2.0,3.0,1.0,2.0,1.0,6.0,4.0,3.0,4.0,2.0,2.0,6.0,7.0,3.0,2.0,5.0,7.0,2.0,2.0,14.556029277873503,3.026,False,True,False,True,False
4.0,5.0,5.0,4.0,2.0,2.0,5.0,4.0,5.0,5.0,3.0,5.0,5.0,3.0,4.0,3.0,1.0,3.0,5.0,5.0,4.0,5.0,5.0,3.0,3.0,3.0,2.0,4.0,1.0,5.0,3.0,3.0,2.0,3.0,4.0,3.0,1.0,15.2399279145812,2.298,False,True,False,False,True
6.0,4.0,6.0,6.0,4.0,8.0,10.0,10.0,10.0,10.0,4.0,10.0,8.0,6.0,4.0,12.0,6.0,12.0,5.0,9.0,3.0,2.0,5.0,8.0,8.0,10.0,12.0,5.0,8.0,25.0,15.0,25.0,4.0,18.0,12.0,16.0,8.0,15.401267475949783,1.053,True,False,False,False,True
2.0,4.0,4.0,4.0,2.0,2.0,5.0,4.0,4.0,5.0,3.0,4.0,5.0,2.0,3.0,6.0,3.0,5.0,2.0,2.0,1.0,1.0,1.0,5.0,5.0,6.0,2.0,3.0,3.0,3.0,4.0,13.0,4.0,5.0,7.0,7.0,4.0,16.000954796559405,1.088,True,False,False,True,False
3.0,5.0,4.0,5.0,3.0,3.0,5.0,4.0,4.0,5.0,4.0,2.0,5.0,1.0,3.0,3.0,1.0,4.0,5.0,5.0,4.0,2.0,2.0,1.0,1.0,1.0,1.0,3.0,1.0,3.0,3.0,3.0,2.0,3.0,4.0,3.0,1.0,14.51800689861144,3.373,True,False,False,False,True
12.0,8.0,8.0,4.0,2.0,10.0,10.0,10.0,10.0,10.0,4.0,10.0,8.0,3.0,4.0,9.0,3.0,3.0,10.0,15.0,3.0,4.0,5.0,6.0,4.0,8.0,5.0,10.0,5.0,25.0,6.0,10.0,4.0,18.0,12.0,12.0,2.0,14.42952091208302,1.914,True,False,False,False,True
4.0,5.0,4.0,4.0,2.0,3.0,5.0,5.0,5.0,5.0,1.0,5.0,5.0,4.0,3.0,5.0,5.0,3.0,2.0,2.0,2.0,1.0,1.0,3.0,4.0,3.0,5.0,2.0,3.0,6.0,2.0,2.0,1.0,4.0,5.0,3.0,4.0,15.145239858587065,0.444,True,False,False,False,True
2.0,3.0,4.0,4.0,2.0,2.0,5.0,4.0,5.0,5.0,3.0,5.0,5.0,3.0,4.0,5.0,4.0,6.0,5.0,4.0,2.0,2.0,3.0,6.0,4.0,4.0,2.0,2.0,3.0,7.0,3.0,9.0,3.0,5.0,6.0,6.0,3.0,15.218555589974086,1.313,False,True,False,True,False
2.0,4.0,4.0,4.0,2.0,3.0,5.0,5.0,5.0,4.0,2.0,5.0,4.0,5.0,3.0,3.0,3.0,5.0,2.0,2.0,1.0,1.0,1.0,3.0,2.0,3.0,2.0,2.0,3.0,13.0,4.0,1.0,4.0,8.0,7.0,6.0,5.0,15.052456813413784,3.782,True,False,False,True,False
12.0,8.0,6.0,8.0,2.0,8.0,10.0,8.0,8.0,8.0,10.0,6.0,6.0,15.0,8.0,12.0,6.0,9.0,25.0,15.0,9.0,5.0,15.0,6.0,10.0,10.0,5.0,12.0,2.0,25.0,15.0,25.0,6.0,18.0,3.0,16.0,6.0,15.27101516694316,6.556,True,False,False,False,True
1.0,1.0,4.0,3.0,1.0,1.0,1.0,4.0,5.0,5.0,3.0,5.0,5.0,5.0,2.0,3.0,6.0,6.0,1.0,1.0,1.0,1.0,1.0,5.0,5.0,4.0,6.0,2.0,3.0,12.0,6.0,8.0,3.0,6.0,9.0,7.0,3.0,15.26563146807971,1.234,False,True,False,True,False
1.0,3.0,5.0,5.0,5.0,5.0,1.0,5.0,5.0,5.0,2.0,5.0,5.0,4.0,4.0,4.0,6.0,4.0,1.0,2.0,2.0,1.0,2.0,5.0,3.0,2.0,7.0,2.0,3.0,7.0,5.0,1.0,3.0,6.0,7.0,6.0,4.0,15.153141846838212,3.504,True,False,True,False,False
9.0,6.0,6.0,6.0,4.0,6.0,10.0,6.0,8.0,10.0,10.0,8.0,8.0,9.0,10.0,15.0,3.0,12.0,15.0,15.0,9.0,2.0,25.0,6.0,4.0,8.0,2.0,5.0,8.0,20.0,9.0,15.0,4.0,24.0,12.0,16.0,2.0,15.38007829303155,1.664,False,True,False,False,True
3.0,3.0,4.0,4.0,2.0,2.0,5.0,4.0,5.0,5.0,3.0,5.0,5.0,1.0,5.0,4.0,2.0,4.0,5.0,5.0,2.0,1.0,4.0,3.0,3.0,3.0,2.0,2.0,3.0,5.0,5.0,5.0,4.0,2.0,5.0,3.0,2.0,15.205734687420012,2.437,False,True,False,False,True
3.0,4.0,4.0,4.0,2.0,2.0,5.0,5.0,5.0,5.0,1.0,5.0,5.0,7.0,8.0,5.0,6.0,6.0,3.0,2.0,1.0,2.0,1.0,9.0,2.0,9.0,5.0,3.0,3.0,5.0,3.0,6.0,3.0,4.0,4.0,6.0,4.0,15.842641577529504,2.754,False,True,False,True,False
2.0,4.0,4.0,4.0,1.0,2.0,5.0,5.0,5.0,5.0,1.0,5.0,5.0,6.0,6.0,5.0,9.0,4.0,1.0,1.0,1.0,1.0,1.0,2.0,6.0,4.0,4.0,3.0,2.0,4.0,7.0,10.0,3.0,2.0,3.0,6.0,4.0,14.68422361031232,1.256,True,False,False,True,False
4.0,5.0,5.0,4.0,2.0,2.0,5.0,4.0,5.0,5.0,3.0,5.0,5.0,5.0,7.0,8.0,8.0,5.0,5.0,5.0,4.0,5.0,5.0,6.0,6.0,7.0,4.0,4.0,1.0,12.0,5.0,7.0,3.0,3.0,11.0,6.0,3.0,15.186641787663541,2.965,False,True,False,True,False
3.0,4.0,3.0,4.0,2.0,1.0,5.0,5.0,5.0,5.0,2.0,5.0,5.0,6.0,1.0,4.0,2.0,2.0,3.0,1.0,1.0,1.0,1.0,6.0,2.0,3.0,7.0,2.0,3.0,7.0,11.0,8.0,5.0,3.0,5.0,5.0,4.0,15.032245380208382,1.241,False,True,False,True,False
3.0,4.0,4.0,5.0,3.0,4.0,5.0,4.0,4.0,4.0,5.0,4.0,4.0,2.0,5.0,4.0,5.0,5.0,4.0,5.0,1.0,2.0,1.0,5.0,4.0,3.0,6.0,3.0,2.0,3.0,5.0,4.0,3.0,2.0,7.0,3.0,2.0,14.978542610718616,4.52,True,False,False,True,False
2.0,3.0,3.0,5.0,4.0,2.0,4.0,4.0,4.0,4.0,4.0,4.0,4.0,5.0,3.0,3.0,4.0,5.0,4.0,3.0,2.0,1.0,1.0,5.0,4.0,5.0,2.0,2.0,3.0,5.0,8.0,6.0,4.0,3.0,3.0,3.0,2.0,15.571227391928732,2.462,False,True,False,True,False
4.0,5.0,4.0,4.0,2.0,3.0,5.0,4.0,4.0,5.0,5.0,4.0,5.0,5.0,2.0,3.0,6.0,2.0,3.0,2.0,2.0,1.0,1.0,2.0,3.0,4.0,3.0,3.0,3.0,10.0,7.0,5.0,6.0,8.0,7.0,7.0,5.0,16.0415120785719,3.084,True,False,False,True,False
3.0,4.0,4.0,4.0,2.0,3.0,5.0,5.0,5.0,5.0,1.0,5.0,5.0,3.0,3.0,3.0,3.0,2.0,2.0,3.0,1.0,2.0,2.0,1.0,1.0,4.0,4.0,2.0,3.0,12.0,4.0,4.0,2.0,7.0,6.0,5.0,4.0,14.749585410732324,3.18,False,True,False,True,False
4.0,5.0,4.0,5.0,2.0,2.0,5.0,5.0,5.0,5.0,2.0,5.0,5.0,7.0,4.0,5.0,3.0,8.0,1.0,1.0,1.0,1.0,1.0,3.0,2.0,2.0,3.0,3.0,3.0,4.0,8.0,7.0,5.0,6.0,3.0,6.0,4.0,15.792037894881881,1.606,True,False,False,True,False
4.0,5.0,3.0,5.0,2.0,2.0,5.0,4.0,4.0,5.0,4.0,4.0,5.0,3.0,7.0,5.0,8.0,5.0,2.0,1.0,1.0,1.0,1.0,6.0,4.0,4.0,5.0,3.0,3.0,2.0,4.0,9.0,4.0,3.0,4.0,8.0,3.0,15.666048553866382,2.029,True,False,False,True,False
